{
    "fold": 1,
    "best_params": {
        "lr": 0.01,
        "batch_size": 8,
        "weight_decay": 0.0001,
        "epochs": 40,
        "optimizer": "sgd",
        "patience": null,
        "model_type": "resnet"
    },
    "metrics": {
        "accuracy": 0.7037037037037037,
        "precision": 0.7407407407407407,
        "recall": 0.7037037037037037,
        "f1": 0.6790123456790123,
        "auc": 0.0
    }
}