{
    "accuracy": {
        "mean": 0.6257142857142857,
        "std": 0.09461702252967458
    },
    "precision": {
        "mean": 0.6170634920634921,
        "std": 0.10204278468749042
    },
    "recall": {
        "mean": 0.6027777777777779,
        "std": 0.08979572152913676
    },
    "f1": {
        "mean": 0.6027126577126577,
        "std": 0.09234769330427382
    },
    "auc_roc": {
        "mean": 0.5842592592592594,
        "std": 0.09336483521871808
    }
}