{
    "accuracy": {
        "mean": 0.578095238095238,
        "std": 0.07965344438135777
    },
    "precision": {
        "mean": 0.5800330225330226,
        "std": 0.08002006913018131
    },
    "recall": {
        "mean": 0.5791666666666666,
        "std": 0.0788125608839506
    },
    "f1": {
        "mean": 0.5730050505050505,
        "std": 0.07697477547603343
    },
    "auc_roc": {
        "mean": 0.5905092592592592,
        "std": 0.09671245323695964
    }
}