{
    "accuracy": {
        "mean": 0.6065527065527065,
        "std": 0.09323903205243772
    },
    "precision": {
        "mean": 0.6073339160839161,
        "std": 0.09697470463433405
    },
    "recall": {
        "mean": 0.6042857142857143,
        "std": 0.09166125525152768
    },
    "f1": {
        "mean": 0.6019322262500674,
        "std": 0.09348913994569247
    },
    "auc_roc": {
        "mean": 0.672579365079365,
        "std": 0.11501866215090106
    }
}