{
    "accuracy": {
        "mean": 0.613960113960114,
        "std": 0.05284113102846554
    },
    "precision": {
        "mean": 0.6184090909090909,
        "std": 0.052492435995835245
    },
    "recall": {
        "mean": 0.6142857142857143,
        "std": 0.049594443676055235
    },
    "f1": {
        "mean": 0.6092378835557246,
        "std": 0.05127350368441355
    },
    "auc_roc": {
        "mean": 0.6323015873015873,
        "std": 0.06801279372926212
    }
}