{
    "aggregate": {
        "mean_accuracy": 0.6370370370370371,
        "std_accuracy": 0.08032672464192059,
        "mean_f1": 0.6273530255960094,
        "std_f1": 0.07704391451013005,
        "mean_precision": 0.652239378555168,
        "std_precision": 0.08297627053608468,
        "mean_recall": 0.6370370370370371,
        "std_recall": 0.08032672464192059,
        "mean_auc": 0.7200793650793651,
        "std_auc": 0.15155189480952647
    },
    "folds": [
        {
            "fold": 1,
            "best_params": {
                "lr": 0.01,
                "batch_size": 8,
                "weight_decay": 0.0001,
                "epochs": 40,
                "optimizer": "sgd",
                "patience": null,
                "model_type": "resnet"
            },
            "metrics": {
                "accuracy": 0.7037037037037037,
                "precision": 0.7407407407407407,
                "recall": 0.7037037037037037,
                "f1": 0.6790123456790123,
                "auc": 0.8777777777777778
            }
        },
        {
            "fold": 2,
            "best_params": {
                "lr": 0.01,
                "batch_size": 8,
                "weight_decay": 0.0001,
                "epochs": 40,
                "optimizer": "sgd",
                "patience": null,
                "model_type": "resnet"
            },
            "metrics": {
                "accuracy": 0.48148148148148145,
                "precision": 0.49747474747474746,
                "recall": 0.48148148148148145,
                "f1": 0.47863247863247865,
                "auc": 0.4666666666666667
            }
        },
        {
            "fold": 3,
            "best_params": {
                "lr": 0.01,
                "batch_size": 8,
                "weight_decay": 0.0001,
                "epochs": 40,
                "optimizer": "sgd",
                "patience": null,
                "model_type": "resnet"
            },
            "metrics": {
                "accuracy": 0.6923076923076923,
                "precision": 0.7005494505494506,
                "recall": 0.6923076923076923,
                "f1": 0.6923076923076923,
                "auc": 0.7261904761904762
            }
        },
        {
            "fold": 4,
            "best_params": {
                "lr": 0.01,
                "batch_size": 8,
                "weight_decay": 0.0001,
                "epochs": 40,
                "optimizer": "sgd",
                "patience": null,
                "model_type": "resnet"
            },
            "metrics": {
                "accuracy": 0.6538461538461539,
                "precision": 0.6526806526806527,
                "recall": 0.6538461538461539,
                "f1": 0.6522892399953869,
                "auc": 0.6607142857142856
            }
        },
        {
            "fold": 5,
            "best_params": {
                "lr": 0.01,
                "batch_size": 8,
                "weight_decay": 0.0001,
                "epochs": 40,
                "optimizer": "sgd",
                "patience": null,
                "model_type": "resnet"
            },
            "metrics": {
                "accuracy": 0.6538461538461539,
                "precision": 0.6697513013302487,
                "recall": 0.6538461538461539,
                "f1": 0.6345233713654767,
                "auc": 0.8690476190476191
            }
        }
    ]
}