{
    "accuracy": {
        "mean": 0.6380434782608695,
        "std": 0.05694863868447711
    },
    "precision": {
        "mean": 0.6234858815934667,
        "std": 0.07560088208189657
    },
    "recall": {
        "mean": 0.6062698412698413,
        "std": 0.06602010733814571
    },
    "f1": {
        "mean": 0.5998981598831794,
        "std": 0.05776270271950747
    },
    "auc_roc": {
        "mean": 0.7006349206349206,
        "std": 0.07565827684481878
    }
}