{
    "accuracy": {
        "mean": 0.5768115942028985,
        "std": 0.06182820002232331
    },
    "precision": {
        "mean": 0.5619126625008978,
        "std": 0.08546185411919431
    },
    "recall": {
        "mean": 0.5478571428571428,
        "std": 0.06641439419365239
    },
    "f1": {
        "mean": 0.5335314451002058,
        "std": 0.05598137640951914
    },
    "auc_roc": {
        "mean": 0.5528835978835979,
        "std": 0.07982047477971752
    }
}