groups,model,n_perms,true_score,p_value,perm_scores_mean,perm_scores_std
PSPvsCBS,GradientBoosting,100,0.6638095238095237,0.009900990099009901,0.5223190476190477,0.053400793007946534
