{
    "fold": 2,
    "best_params": {
        "lr": 0.01,
        "batch_size": 8,
        "weight_decay": 0.0001,
        "epochs": 40,
        "optimizer": "sgd",
        "patience": null,
        "model_type": "resnet"
    },
    "metrics": {
        "accuracy": 0.48148148148148145,
        "precision": 0.49747474747474746,
        "recall": 0.48148148148148145,
        "f1": 0.47863247863247865,
        "auc": 0.0
    }
}