{
    "accuracy": {
        "mean": 0.5982905982905983,
        "std": 0.10836982944945112
    },
    "precision": {
        "mean": 0.6124392274392274,
        "std": 0.11862366707683257
    },
    "recall": {
        "mean": 0.5966666666666667,
        "std": 0.1072730690241893
    },
    "f1": {
        "mean": 0.5881174315880198,
        "std": 0.10450278935207676
    },
    "auc_roc": {
        "mean": 0.5410317460317461,
        "std": 0.17557838902214015
    }
}