{
    "accuracy": {
        "mean": 0.568945868945869,
        "std": 0.09240392788682332
    },
    "precision": {
        "mean": 0.5682417582417582,
        "std": 0.08791602626823924
    },
    "recall": {
        "mean": 0.5700000000000001,
        "std": 0.0782886324910856
    },
    "f1": {
        "mean": 0.5599562289562289,
        "std": 0.09859425101350419
    },
    "auc_roc": {
        "mean": 0.6161507936507936,
        "std": 0.13607043910818015
    }
}