groups,model,n_perms,true_score,p_value,perm_scores_mean,perm_scores_std
ADvsPSP,GradientBoosting,100,0.6136752136752136,0.039603960396039604,0.5003019943019943,0.053784492951482174
