{
    "train_loss": [
        0.9299379855708072,
        0.7981251569798118,
        0.7277193499866285,
        0.6864802758317244,
        0.5861872639154133,
        0.5868603465431614,
        0.5317861804209257,
        0.5206609577254245,
        0.4937686236281144,
        0.4215061068534851,
        0.33531148186639737,
        0.31959030667417926,
        0.25828369749219793,
        0.18194970238365626,
        0.20129672179096622,
        0.09959472962115941,
        0.139611490357079,
        0.12549469951442196,
        0.11972629671132094,
        0.0775257267523557,
        0.03535611584488499,
        0.021122669598185703,
        0.01887353302518788,
        0.01991187916480397,
        0.01688033924879212,
        0.01579432565412533,
        0.008616756126284599,
        0.010557286446963094,
        0.008952100283196686,
        0.009249835889051226,
        0.009155329000204802,
        0.01213448071827818,
        0.009005844037930824,
        0.005460623383497525,
        0.008735690544310368,
        0.011933183853122357,
        0.010823960878003977,
        0.010441204257873132,
        0.006726613033955034,
        0.013006344029042674
    ],
    "val_loss": [
        10.040003318678249,
        0.6128231585025787,
        0.49672054973515595,
        0.6798715036023747,
        0.992707451636141,
        0.7255527052012357,
        0.6341535449028015,
        0.5035004263574426,
        0.608852275393226,
        0.5664870955727317,
        0.7499608885158192,
        0.5555141405625776,
        0.6532755941152573,
        0.8045422543178905,
        0.9786617322401567,
        0.836020169610327,
        1.3613018176772378,
        0.5974027920853008,
        0.9782486828890714,
        1.037086509168148,
        0.8553250215270303,
        0.801081505688754,
        0.7975698899139058,
        0.7903658476742831,
        0.7671385651284998,
        0.8153235465288162,
        0.7890994521704587,
        0.7482422536069696,
        0.8096612691879272,
        0.8594116893681613,
        0.9101691686294295,
        0.8440375883470882,
        0.7994926246729764,
        0.7769664796915922,
        0.8183391256765886,
        0.8240430368618532,
        0.7710186541080475,
        0.8036417094143954,
        0.884016450155865,
        0.7306658679788763
    ],
    "train_acc": [
        0.52,
        0.5473684210526316,
        0.6242105263157894,
        0.6494736842105263,
        0.6894736842105263,
        0.6968421052631579,
        0.7357894736842105,
        0.7526315789473684,
        0.7778947368421053,
        0.8178947368421052,
        0.8578947368421053,
        0.8768421052631579,
        0.9,
        0.9368421052631579,
        0.9336842105263158,
        0.968421052631579,
        0.9431578947368421,
        0.9547368421052631,
        0.9568421052631579,
        0.9747368421052631,
        0.9926315789473684,
        0.9957894736842106,
        0.9957894736842106,
        0.9968421052631579,
        0.9957894736842106,
        0.9957894736842106,
        0.9989473684210526,
        0.9978947368421053,
        0.9978947368421053,
        0.9978947368421053,
        0.9989473684210526,
        0.9968421052631579,
        0.9989473684210526,
        1.0,
        0.9978947368421053,
        0.9989473684210526,
        0.9968421052631579,
        0.9957894736842106,
        0.9989473684210526,
        0.9978947368421053
    ],
    "val_acc": [
        0.45454545454545453,
        0.7272727272727273,
        0.6363636363636364,
        0.6363636363636364,
        0.6363636363636364,
        0.5454545454545454,
        0.8181818181818182,
        0.7272727272727273,
        0.6363636363636364,
        0.8181818181818182,
        0.6363636363636364,
        0.7272727272727273,
        0.8181818181818182,
        0.7272727272727273,
        0.7272727272727273,
        0.6363636363636364,
        0.5454545454545454,
        0.8181818181818182,
        0.6363636363636364,
        0.6363636363636364,
        0.6363636363636364,
        0.6363636363636364,
        0.6363636363636364,
        0.7272727272727273,
        0.6363636363636364,
        0.8181818181818182,
        0.6363636363636364,
        0.7272727272727273,
        0.8181818181818182,
        0.7272727272727273,
        0.6363636363636364,
        0.7272727272727273,
        0.7272727272727273,
        0.7272727272727273,
        0.7272727272727273,
        0.7272727272727273,
        0.6363636363636364,
        0.7272727272727273,
        0.7272727272727273,
        0.6363636363636364
    ]
}