{
    "accuracy": {
        "mean": 0.577536231884058,
        "std": 0.047490035877712895
    },
    "precision": {
        "mean": 0.49240790255496136,
        "std": 0.1251670959818512
    },
    "recall": {
        "mean": 0.518968253968254,
        "std": 0.054416034514610565
    },
    "f1": {
        "mean": 0.495874987926205,
        "std": 0.08748800667055869
    },
    "auc_roc": {
        "mean": 0.5949603174603175,
        "std": 0.08280344570006419
    }
}