{
    "accuracy": {
        "mean": 0.6130434782608696,
        "std": 0.11337743313395912
    },
    "precision": {
        "mean": 0.5862441643323997,
        "std": 0.1405413339264421
    },
    "recall": {
        "mean": 0.5488888888888889,
        "std": 0.10523821494402921
    },
    "f1": {
        "mean": 0.5335214835874065,
        "std": 0.11840262608930914
    },
    "auc_roc": {
        "mean": 0.5748015873015874,
        "std": 0.11998752638412168
    }
}