dataset,groups,model,n_perms,true_score,p_value,perm_scores_mean,perm_scores_std
voxel,ADvsPSP,RandomForest,1000,0.5606837606837607,0.0959040959040959,0.5057660968660969,0.042613967022422414
voxel,ADvsPSP,GradientBoosting,1000,0.552991452991453,0.14685314685314685,0.5057760683760684,0.04278446233111413
voxel,ADvsPSP,KNN,1000,0.552991452991453,0.14985014985014986,0.5060242165242166,0.04249366970025586
