{
    "accuracy": {
        "mean": 0.568095238095238,
        "std": 0.1275488435188387
    },
    "precision": {
        "mean": 0.5538322788322788,
        "std": 0.13743877971411472
    },
    "recall": {
        "mean": 0.5513888888888889,
        "std": 0.13062202799501643
    },
    "f1": {
        "mean": 0.5494385205587252,
        "std": 0.13240711377829795
    },
    "auc_roc": {
        "mean": 0.5664351851851852,
        "std": 0.0907646534062468
    }
}