{
    "train_loss": [
        0.6903326813798202,
        0.6919906155686629,
        0.6897152992298728,
        0.6906068778038025,
        0.6913567748822664,
        0.6923142434421339,
        0.6901061041731583,
        0.6899523228093197,
        0.6887565085762426,
        0.6890857273653934,
        0.6887654181530601,
        0.6887203673312539,
        0.689153215508712,
        0.6886766700995596,
        0.6888022638622083,
        0.6887735979180587,
        0.6886508389523155,
        0.6877795861896716,
        0.6886131384498194,
        0.6889632964134216,
        0.6885801474671615,
        0.6890330607012699,
        0.6880783702197828,
        0.6891139667912534,
        0.6888648506214744,
        0.6892871443848861,
        0.6889976615654795,
        0.6894660280880175,
        0.6887697015310589,
        0.6884478123564469,
        0.6886146225427326,
        0.6884796112462094,
        0.6885626096474496,
        0.6886849627996746,
        0.6884770192598042,
        0.688229652580462,
        0.6888452046795895,
        0.6888280441886501,
        0.6889643879940636,
        0.6895645176736932
    ],
    "val_loss": [
        0.6906749714504589,
        0.6890702085061506,
        0.6895334070379083,
        0.6964728127826344,
        0.6890131506052884,
        0.6892968253655867,
        0.6898170872168108,
        0.6891167218034918,
        0.6890140013261274,
        0.6890092275359414,
        0.6890629204836759,
        0.6890361471609636,
        0.6890299591151151,
        0.6890246922319586,
        0.68902310999957,
        0.6890249848365784,
        0.6890206933021545,
        0.6890193332325328,
        0.6890224272554571,
        0.6890216523950751,
        0.6890220208601519,
        0.6890223243019797,
        0.6890215060927651,
        0.6890213868834756,
        0.6890219937671315,
        0.689021950418299,
        0.6890219883485273,
        0.6890219395810907,
        0.6890218745578419,
        0.6890219775113192,
        0.6890219287438826,
        0.6890219016508623,
        0.689021950418299,
        0.6890218637206338,
        0.6890218420462175,
        0.68902188539505,
        0.6890218420462175,
        0.6890218257904053,
        0.68902188539505,
        0.6890218420462175
    ],
    "train_acc": [
        0.5284210526315789,
        0.5336842105263158,
        0.5473684210526316,
        0.54,
        0.5473684210526316,
        0.5473684210526316,
        0.5494736842105263,
        0.5473684210526316,
        0.5473684210526316,
        0.5473684210526316,
        0.5473684210526316,
        0.5473684210526316,
        0.5473684210526316,
        0.5473684210526316,
        0.5473684210526316,
        0.5473684210526316,
        0.5473684210526316,
        0.5473684210526316,
        0.5473684210526316,
        0.5473684210526316,
        0.5473684210526316,
        0.5473684210526316,
        0.5473684210526316,
        0.5473684210526316,
        0.5473684210526316,
        0.5473684210526316,
        0.5473684210526316,
        0.5473684210526316,
        0.5473684210526316,
        0.5473684210526316,
        0.5473684210526316,
        0.5473684210526316,
        0.5473684210526316,
        0.5473684210526316,
        0.5473684210526316,
        0.5473684210526316,
        0.5473684210526316,
        0.5473684210526316,
        0.5473684210526316,
        0.5473684210526316
    ],
    "val_acc": [
        0.5454545454545454,
        0.5454545454545454,
        0.5454545454545454,
        0.5454545454545454,
        0.5454545454545454,
        0.5454545454545454,
        0.5454545454545454,
        0.5454545454545454,
        0.5454545454545454,
        0.5454545454545454,
        0.5454545454545454,
        0.5454545454545454,
        0.5454545454545454,
        0.5454545454545454,
        0.5454545454545454,
        0.5454545454545454,
        0.5454545454545454,
        0.5454545454545454,
        0.5454545454545454,
        0.5454545454545454,
        0.5454545454545454,
        0.5454545454545454,
        0.5454545454545454,
        0.5454545454545454,
        0.5454545454545454,
        0.5454545454545454,
        0.5454545454545454,
        0.5454545454545454,
        0.5454545454545454,
        0.5454545454545454,
        0.5454545454545454,
        0.5454545454545454,
        0.5454545454545454,
        0.5454545454545454,
        0.5454545454545454,
        0.5454545454545454,
        0.5454545454545454,
        0.5454545454545454,
        0.5454545454545454,
        0.5454545454545454
    ]
}