{
    "accuracy": {
        "mean": 0.5780952380952382,
        "std": 0.10430636890480037
    },
    "precision": {
        "mean": 0.5700992063492063,
        "std": 0.12274675343706606
    },
    "recall": {
        "mean": 0.5458333333333334,
        "std": 0.09259837944879601
    },
    "f1": {
        "mean": 0.5387667887667887,
        "std": 0.09284120415203286
    },
    "auc_roc": {
        "mean": 0.5844907407407407,
        "std": 0.10432729385023116
    }
}