{
    "accuracy": {
        "mean": 0.6757834757834758,
        "std": 0.10255717767062365
    },
    "precision": {
        "mean": 0.6910818129239182,
        "std": 0.12365532522994196
    },
    "recall": {
        "mean": 0.6692857142857143,
        "std": 0.09570347605389362
    },
    "f1": {
        "mean": 0.6680179582378746,
        "std": 0.09733812822061637
    },
    "auc_roc": {
        "mean": 0.6791269841269842,
        "std": 0.11363336192466916
    }
}