{
    "accuracy": {
        "mean": 0.5908831908831909,
        "std": 0.1387971791598072
    },
    "precision": {
        "mean": 0.6056187603246428,
        "std": 0.1476410842657131
    },
    "recall": {
        "mean": 0.585952380952381,
        "std": 0.13220022349818672
    },
    "f1": {
        "mean": 0.5790228571886624,
        "std": 0.1318908479073851
    },
    "auc_roc": {
        "mean": 0.6287698412698413,
        "std": 0.14557726411570057
    }
}