groups,model,n_perms,true_score,p_value,perm_scores_mean,perm_scores_std
ADvsPSP,RandomForest,100,0.6290598290598292,0.019801980198019802,0.5117321937321937,0.055103108755683
