{
    "accuracy": {
        "mean": 0.6538095238095237,
        "std": 0.10847844807216371
    },
    "precision": {
        "mean": 0.6497437611408199,
        "std": 0.12737361439737796
    },
    "recall": {
        "mean": 0.6277777777777777,
        "std": 0.11801469881248891
    },
    "f1": {
        "mean": 0.6186772205907374,
        "std": 0.12704448411628036
    },
    "auc_roc": {
        "mean": 0.6877314814814814,
        "std": 0.12468990170736159
    }
}