{
    "accuracy": {
        "mean": 0.5685714285714285,
        "std": 0.13938641048743391
    },
    "precision": {
        "mean": 0.5577380952380953,
        "std": 0.14769823145080696
    },
    "recall": {
        "mean": 0.5597222222222221,
        "std": 0.14497099539622688
    },
    "f1": {
        "mean": 0.555631868131868,
        "std": 0.1468997272434974
    },
    "auc_roc": {
        "mean": 0.6050925925925925,
        "std": 0.14129474903283704
    }
}