{
    "train_loss": [
        0.8900756941196767,
        0.6800629582810909,
        0.573165765341292,
        0.5525915575788376,
        0.5117347430675587,
        0.5148168097785178,
        0.44740955233573915,
        0.4218318513733275,
        0.3580967260802046,
        0.2692241133210507,
        0.25841290189864785,
        0.24905312652600572,
        0.23505789870099025,
        0.19771839625974919,
        0.1873959084318832,
        0.1813705454481409,
        0.07165054780371646,
        0.0745109427415647,
        0.09131709254951156,
        0.07812187846482513,
        0.037425550296308195,
        0.019736024485517076,
        0.01661078744652146,
        0.01370698794786957,
        0.022013620644971293,
        0.0194261167374281,
        0.01397841087359182,
        0.007693597771155529,
        0.00930490280486683,
        0.004742795304566166,
        0.012235889236809329,
        0.0077986353940201645,
        0.006221214144124075,
        0.006294849611189653,
        0.006540256590666645,
        0.006870604915503522,
        0.01018946883627808,
        0.006893114006317696,
        0.005494890158049802,
        0.0038274031579544013
    ],
    "val_loss": [
        0.957727697762576,
        0.29300463741475885,
        0.4940496954050931,
        0.4396145289594477,
        0.7107950665734031,
        0.49086295474659314,
        0.21047567982565274,
        0.4170236479152333,
        0.2651932104067369,
        0.3421912355856462,
        0.6345181844451211,
        0.35241266001354565,
        0.4146248156374151,
        0.3394318222999573,
        0.39626557718623767,
        0.3977100903337652,
        0.30650991201400757,
        0.6392160491509871,
        0.7195510105653242,
        0.3097200176932595,
        0.38002260706641455,
        0.3677255294539712,
        0.42249259623614227,
        0.37842339277267456,
        0.36022485386241565,
        0.4352549639615146,
        0.3375722494992343,
        0.43802155689759686,
        0.41919515891508624,
        0.4145457311110063,
        0.3799028992652893,
        0.49778725884177466,
        0.5024001706730236,
        0.41570278189399024,
        0.36876364187760785,
        0.5020936619151722,
        0.445604454387318,
        0.40000939911062067,
        0.4164691242304715,
        0.4170468883080916
    ],
    "train_acc": [
        0.5882978723404255,
        0.6840425531914893,
        0.7021276595744681,
        0.7404255319148936,
        0.7627659574468085,
        0.7606382978723404,
        0.7882978723404256,
        0.8180851063829787,
        0.8563829787234043,
        0.8957446808510638,
        0.9053191489361702,
        0.9053191489361702,
        0.9053191489361702,
        0.926595744680851,
        0.9393617021276596,
        0.9382978723404255,
        0.9776595744680852,
        0.9797872340425532,
        0.9702127659574468,
        0.9723404255319149,
        0.9872340425531915,
        0.9968085106382979,
        0.9936170212765958,
        0.9957446808510638,
        0.9936170212765958,
        0.9914893617021276,
        0.997872340425532,
        1.0,
        0.9968085106382979,
        1.0,
        0.997872340425532,
        0.9989361702127659,
        1.0,
        0.9989361702127659,
        0.9989361702127659,
        0.9989361702127659,
        0.997872340425532,
        0.997872340425532,
        0.9989361702127659,
        1.0
    ],
    "val_acc": [
        0.5454545454545454,
        0.9090909090909091,
        0.6363636363636364,
        0.9090909090909091,
        0.6363636363636364,
        0.7272727272727273,
        0.9090909090909091,
        0.8181818181818182,
        0.8181818181818182,
        0.8181818181818182,
        0.6363636363636364,
        0.7272727272727273,
        0.6363636363636364,
        0.7272727272727273,
        0.8181818181818182,
        0.7272727272727273,
        0.7272727272727273,
        0.7272727272727273,
        0.7272727272727273,
        0.8181818181818182,
        0.8181818181818182,
        0.8181818181818182,
        0.8181818181818182,
        0.8181818181818182,
        0.8181818181818182,
        0.8181818181818182,
        0.8181818181818182,
        0.8181818181818182,
        0.8181818181818182,
        0.8181818181818182,
        0.8181818181818182,
        0.8181818181818182,
        0.8181818181818182,
        0.8181818181818182,
        0.8181818181818182,
        0.8181818181818182,
        0.8181818181818182,
        0.8181818181818182,
        0.8181818181818182,
        0.8181818181818182
    ]
}