groups,model,n_perms,true_score,p_value,perm_scores_mean,perm_scores_std
PSPvsCBS,RandomForest,100,0.6638095238095237,0.019801980198019802,0.5204857142857143,0.05595154933525857
