{
    "train_loss": [
        0.6928722139408714,
        0.6911179593989724,
        0.6899906795903256,
        0.6938934346249229,
        0.6901499995432402,
        0.6914629566042046,
        0.6915206852712129,
        0.689231394215634,
        0.6889486826093574,
        0.6889934859777752,
        0.6899667015828584,
        0.6891697290069179,
        0.6890918133133336,
        0.688884894345936,
        0.6885840853891875,
        0.6886574776549088,
        0.6884926359277023,
        0.688536866213146,
        0.6885844078816865,
        0.6885052536663256,
        0.6884583653901752,
        0.6888141593180205,
        0.6884630641184355,
        0.6887098454174243,
        0.6886242083499307,
        0.6888198099638286,
        0.6889050454842417,
        0.6886319929675052,
        0.688659380486137,
        0.6885810675119098,
        0.6884097701624821,
        0.6885898222421345,
        0.688837982855345,
        0.6887916157120153,
        0.6881300663948059,
        0.6887238036958795,
        0.6886522055927076,
        0.6882352084862559,
        0.6886029961234645,
        0.6887432099643507
    ],
    "val_loss": [
        0.6906852993098173,
        0.689145332032984,
        0.69623586806384,
        0.6909186135638844,
        0.6925786679441278,
        0.6901346932757985,
        0.6892035386779092,
        0.6890445134856484,
        0.6890161687677557,
        0.6890331886031411,
        0.6890102787451311,
        0.6890213272788308,
        0.6890100999311968,
        0.6890101920474659,
        0.6890093792568553,
        0.6890092058615251,
        0.6890092058615251,
        0.6890093684196472,
        0.6890092600475658,
        0.6890093250708147,
        0.6890093142336066,
        0.6890093250708147,
        0.6890093142336066,
        0.6890094009312716,
        0.6890093575824391,
        0.6890093196522106,
        0.6890093846754595,
        0.6890093684196472,
        0.6890093630010431,
        0.6890094063498757,
        0.6890093684196472,
        0.6890092979777943,
        0.6890093575824391,
        0.6890093575824391,
        0.6890093900940635,
        0.6890093900940635,
        0.6890093684196472,
        0.6890094117684797,
        0.6890093684196472,
        0.6890093684196472
    ],
    "train_acc": [
        0.5378947368421053,
        0.5326315789473685,
        0.5410526315789473,
        0.5263157894736842,
        0.5473684210526316,
        0.5473684210526316,
        0.5463157894736842,
        0.5473684210526316,
        0.5473684210526316,
        0.5473684210526316,
        0.5473684210526316,
        0.5473684210526316,
        0.5473684210526316,
        0.5473684210526316,
        0.5473684210526316,
        0.5473684210526316,
        0.5473684210526316,
        0.5473684210526316,
        0.5473684210526316,
        0.5473684210526316,
        0.5473684210526316,
        0.5473684210526316,
        0.5473684210526316,
        0.5473684210526316,
        0.5473684210526316,
        0.5473684210526316,
        0.5473684210526316,
        0.5473684210526316,
        0.5473684210526316,
        0.5473684210526316,
        0.5473684210526316,
        0.5473684210526316,
        0.5473684210526316,
        0.5473684210526316,
        0.5473684210526316,
        0.5473684210526316,
        0.5473684210526316,
        0.5473684210526316,
        0.5473684210526316,
        0.5473684210526316
    ],
    "val_acc": [
        0.5454545454545454,
        0.5454545454545454,
        0.5454545454545454,
        0.5454545454545454,
        0.5454545454545454,
        0.5454545454545454,
        0.5454545454545454,
        0.5454545454545454,
        0.5454545454545454,
        0.5454545454545454,
        0.5454545454545454,
        0.5454545454545454,
        0.5454545454545454,
        0.5454545454545454,
        0.5454545454545454,
        0.5454545454545454,
        0.5454545454545454,
        0.5454545454545454,
        0.5454545454545454,
        0.5454545454545454,
        0.5454545454545454,
        0.5454545454545454,
        0.5454545454545454,
        0.5454545454545454,
        0.5454545454545454,
        0.5454545454545454,
        0.5454545454545454,
        0.5454545454545454,
        0.5454545454545454,
        0.5454545454545454,
        0.5454545454545454,
        0.5454545454545454,
        0.5454545454545454,
        0.5454545454545454,
        0.5454545454545454,
        0.5454545454545454,
        0.5454545454545454,
        0.5454545454545454,
        0.5454545454545454,
        0.5454545454545454
    ]
}