{
    "train_loss": [
        1.0167058531861557,
        0.7382789393475181,
        0.6964944823164689,
        0.675480067478983,
        0.6687680994836908,
        0.6326904035869397,
        0.5915100051227369,
        0.5629448282091241,
        0.537200916064413,
        0.5114545147042525,
        0.46813389012688084,
        0.46722700125292727,
        0.43363589976963246,
        0.42713775672410664,
        0.34791656952155264,
        0.29892758171809347,
        0.29726522963297997,
        0.24090174698515943,
        0.25172701048223595,
        0.2074432056279559,
        0.18108526418083593,
        0.09850486262064231,
        0.0878546149553241,
        0.07646734349625675,
        0.07115590870282368,
        0.07813497183158209,
        0.051092345642023966,
        0.047577842389674566,
        0.03962918701238538,
        0.03538993404589986,
        0.022092306389424363,
        0.029317554382509308,
        0.027504913077542655,
        0.037083554828147354,
        0.028911370001733303,
        0.02769846057249723,
        0.029388794659293796,
        0.02320248870865295,
        0.040803155915713624,
        0.02648150710487052
    ],
    "val_loss": [
        0.6930773420767351,
        0.727458265694705,
        0.7025611888278614,
        0.6617057377641852,
        0.6130462288856506,
        0.5046290755271912,
        0.5265871611508456,
        1.256148099899292,
        0.4783422350883484,
        0.5487068837339227,
        0.44167221134359186,
        0.6945496472445402,
        1.940386631272056,
        0.5170883536338806,
        0.45852913097901776,
        0.7926569526845758,
        0.5376480113376271,
        1.0291265682740645,
        0.4292770569974726,
        0.9798626032742587,
        0.9798854914578524,
        0.9195197820663452,
        0.9804310040040449,
        1.0777936631982976,
        0.9058419466018677,
        1.1825064529072156,
        1.1857218742370605,
        1.2696338350122625,
        1.3178117058493874,
        1.5549106381156228,
        1.5781653360887007,
        1.4600104635412043,
        1.4794196865775369,
        1.3904202417893843,
        1.4422233538194136,
        1.382827411998402,
        1.4602414911443538,
        1.4491138891740278,
        1.4490971781990745,
        1.4189156835729426
    ],
    "train_acc": [
        0.48526315789473684,
        0.5273684210526316,
        0.5410526315789473,
        0.5747368421052632,
        0.5926315789473684,
        0.6410526315789473,
        0.6684210526315789,
        0.6852631578947368,
        0.7136842105263158,
        0.7315789473684211,
        0.7747368421052632,
        0.771578947368421,
        0.7926315789473685,
        0.7978947368421052,
        0.8621052631578947,
        0.868421052631579,
        0.8778947368421053,
        0.8926315789473684,
        0.9042105263157895,
        0.9126315789473685,
        0.9157894736842105,
        0.9663157894736842,
        0.9642105263157895,
        0.9705263157894737,
        0.9726315789473684,
        0.9747368421052631,
        0.9831578947368421,
        0.9821052631578947,
        0.9852631578947368,
        0.988421052631579,
        0.9936842105263158,
        0.9894736842105263,
        0.991578947368421,
        0.9894736842105263,
        0.9905263157894737,
        0.9936842105263158,
        0.9926315789473684,
        0.9957894736842106,
        0.9852631578947368,
        0.9947368421052631
    ],
    "val_acc": [
        0.45454545454545453,
        0.5454545454545454,
        0.36363636363636365,
        0.5454545454545454,
        0.36363636363636365,
        0.8181818181818182,
        0.6363636363636364,
        0.5454545454545454,
        0.7272727272727273,
        0.5454545454545454,
        0.7272727272727273,
        0.6363636363636364,
        0.45454545454545453,
        0.5454545454545454,
        0.7272727272727273,
        0.6363636363636364,
        0.7272727272727273,
        0.6363636363636364,
        0.8181818181818182,
        0.36363636363636365,
        0.6363636363636364,
        0.6363636363636364,
        0.6363636363636364,
        0.6363636363636364,
        0.6363636363636364,
        0.6363636363636364,
        0.6363636363636364,
        0.6363636363636364,
        0.6363636363636364,
        0.6363636363636364,
        0.6363636363636364,
        0.6363636363636364,
        0.6363636363636364,
        0.6363636363636364,
        0.6363636363636364,
        0.6363636363636364,
        0.6363636363636364,
        0.6363636363636364,
        0.6363636363636364,
        0.6363636363636364
    ]
}