{
    "accuracy": {
        "mean": 0.6257142857142857,
        "std": 0.1299572579307862
    },
    "precision": {
        "mean": 0.6483893557422971,
        "std": 0.15768885240838393
    },
    "recall": {
        "mean": 0.6027777777777779,
        "std": 0.11137122331516364
    },
    "f1": {
        "mean": 0.5993346210327193,
        "std": 0.11257768514454891
    },
    "auc_roc": {
        "mean": 0.6592592592592592,
        "std": 0.1225584600575874
    }
}