{
    "train_loss": [
        0.9490259720924052,
        0.7893731548431072,
        0.7128949563553992,
        0.694860462432212,
        0.6757919093395801,
        0.6399492763458414,
        0.6229262336771539,
        0.595468928205206,
        0.5858227668924535,
        0.5640708755939565,
        0.5583388705202874,
        0.5724808760145877,
        0.4909900291168943,
        0.45077287339149635,
        0.48694978939725997,
        0.47337092960134464,
        0.38976470419067016,
        0.3699132483373297,
        0.3381291810502397,
        0.30698470225993624,
        0.22305926116223032,
        0.16657797716399456,
        0.1531024621046604,
        0.17065532061647862,
        0.12521862392809163,
        0.13296637354379004,
        0.11563125582253363,
        0.10548197852566521,
        0.10986501382703477,
        0.09811743718195469,
        0.08943640178346887,
        0.07961757838666597,
        0.08840032952461153,
        0.08270174820729076,
        0.0788682103483997,
        0.07910826961073945,
        0.08446048016590561,
        0.07650442639603577,
        0.0838110730408671,
        0.07459331249144484
    ],
    "val_loss": [
        0.6731799299066717,
        0.6937704465605996,
        0.6576574444770813,
        0.5484045364639976,
        0.544004575772719,
        0.40182546052065765,
        0.9746145931157199,
        0.5045969215306368,
        0.6604885892434553,
        0.3604199669577859,
        0.27556351640007715,
        0.6524132137948816,
        0.37927697463469073,
        0.5037649930878119,
        0.5092917626554315,
        0.3428283103487708,
        0.3467816575007005,
        0.4624791307882829,
        0.4264462888240814,
        0.4413878890601071,
        0.23567089980298822,
        0.17490109090100636,
        0.1694800379601392,
        0.16507538272575897,
        0.17510277371514926,
        0.2189058708873662,
        0.2831034335223111,
        0.2082428519021381,
        0.14406767013398084,
        0.21213995970108293,
        0.1764881353486668,
        0.19222719290039755,
        0.15504601800983603,
        0.15550964122468774,
        0.16612710905346004,
        0.13394214619289746,
        0.14234021509235556,
        0.14305360615253448,
        0.13445489514957776,
        0.1437118419192054
    ],
    "train_acc": [
        0.46808510638297873,
        0.5085106382978724,
        0.5170212765957447,
        0.5680851063829787,
        0.6117021276595744,
        0.6329787234042553,
        0.6627659574468086,
        0.6861702127659575,
        0.6808510638297872,
        0.7085106382978723,
        0.7170212765957447,
        0.7202127659574468,
        0.7563829787234042,
        0.7957446808510639,
        0.7797872340425532,
        0.7755319148936171,
        0.8287234042553191,
        0.8436170212765958,
        0.8617021276595744,
        0.8797872340425532,
        0.9106382978723404,
        0.9382978723404255,
        0.9319148936170213,
        0.924468085106383,
        0.951063829787234,
        0.951063829787234,
        0.951063829787234,
        0.9627659574468085,
        0.9553191489361702,
        0.9638297872340426,
        0.9617021276595744,
        0.9691489361702128,
        0.9723404255319149,
        0.9680851063829787,
        0.9659574468085106,
        0.9712765957446808,
        0.9670212765957447,
        0.9691489361702128,
        0.9659574468085106,
        0.9712765957446808
    ],
    "val_acc": [
        0.5454545454545454,
        0.5454545454545454,
        0.5454545454545454,
        0.6363636363636364,
        0.9090909090909091,
        1.0,
        0.5454545454545454,
        0.7272727272727273,
        0.6363636363636364,
        0.8181818181818182,
        0.9090909090909091,
        0.6363636363636364,
        0.8181818181818182,
        0.9090909090909091,
        0.8181818181818182,
        0.9090909090909091,
        0.8181818181818182,
        0.7272727272727273,
        0.8181818181818182,
        0.6363636363636364,
        0.9090909090909091,
        0.9090909090909091,
        1.0,
        0.9090909090909091,
        0.9090909090909091,
        0.8181818181818182,
        0.8181818181818182,
        0.9090909090909091,
        0.9090909090909091,
        0.9090909090909091,
        0.9090909090909091,
        0.9090909090909091,
        0.9090909090909091,
        0.9090909090909091,
        0.9090909090909091,
        0.9090909090909091,
        0.9090909090909091,
        0.9090909090909091,
        0.9090909090909091,
        0.9090909090909091
    ]
}