{
    "accuracy": {
        "mean": 0.5619565217391305,
        "std": 0.139389195514168
    },
    "precision": {
        "mean": 0.5642927170868347,
        "std": 0.19231702654269692
    },
    "recall": {
        "mean": 0.5240873015873015,
        "std": 0.1262182072454764
    },
    "f1": {
        "mean": 0.5131205796101431,
        "std": 0.12783598571248558
    },
    "auc_roc": {
        "mean": 0.5645502645502646,
        "std": 0.12675298628406353
    }
}