{
    "fold": 4,
    "best_params": {
        "lr": 0.01,
        "batch_size": 8,
        "weight_decay": 0.0001,
        "epochs": 40,
        "optimizer": "sgd",
        "patience": null,
        "model_type": "resnet"
    },
    "metrics": {
        "accuracy": 0.6538461538461539,
        "precision": 0.6526806526806527,
        "recall": 0.6538461538461539,
        "f1": 0.6522892399953869,
        "auc": 0.0
    }
}