{
    "train_loss": [
        0.6920689276645058,
        0.6930647437196029,
        0.6916895048241867,
        0.6907817018659491,
        0.6895871238959463,
        0.6937652069643924,
        0.6893879512736671,
        0.6897170841066461,
        0.688955510164562,
        0.6892318273845471,
        0.6892186397000363,
        0.6892041950476797,
        0.6885352225052683,
        0.6881787847217761,
        0.68824736783379,
        0.6885061570217735,
        0.6891444204982958,
        0.6886205950536226,
        0.688641258164456,
        0.6892341808268898,
        0.6883396227736223,
        0.6883921423711274,
        0.6888788239579452,
        0.688629673531181,
        0.6889736104011536,
        0.6886712194743909,
        0.6882893502084833,
        0.6883513759311877,
        0.6888054506402267,
        0.6888697457313537,
        0.688536255987067,
        0.6883431740810997,
        0.6885989072448329,
        0.688784166135286,
        0.688989343517705,
        0.6889115487901788,
        0.6883766160513225,
        0.6886137411468908,
        0.6886941954964085,
        0.6889333467734488
    ],
    "val_loss": [
        0.6908731460571289,
        0.690170781178908,
        0.6890152638608759,
        0.6890096285126426,
        0.6931584585796703,
        0.6893180337819186,
        0.6902297247539867,
        0.689425072886727,
        0.6890749660405245,
        0.6890428012067621,
        0.6890473419969733,
        0.6890142993493513,
        0.689010966907848,
        0.6890117634426464,
        0.6890116659077731,
        0.6890104033730247,
        0.6890139200470664,
        0.6890125545588407,
        0.6890142126516863,
        0.6890141584656455,
        0.6890140500935641,
        0.6890142560005188,
        0.6890138333494013,
        0.6890140500935641,
        0.6890141855586659,
        0.6890141530470415,
        0.6890141259540211,
        0.6890141747214578,
        0.6890141855586659,
        0.6890141313726251,
        0.6890141801400618,
        0.6890141801400618,
        0.6890141638842496,
        0.6890141801400618,
        0.6890141313726251,
        0.6890142234888944,
        0.6890141313726251,
        0.6890141313726251,
        0.6890141313726251,
        0.6890141476284374
    ],
    "train_acc": [
        0.5473684210526316,
        0.5263157894736842,
        0.5473684210526316,
        0.5294736842105263,
        0.5484210526315789,
        0.5242105263157895,
        0.5473684210526316,
        0.5473684210526316,
        0.5473684210526316,
        0.5473684210526316,
        0.5473684210526316,
        0.5473684210526316,
        0.5473684210526316,
        0.5473684210526316,
        0.5473684210526316,
        0.5473684210526316,
        0.5473684210526316,
        0.5473684210526316,
        0.5473684210526316,
        0.5473684210526316,
        0.5473684210526316,
        0.5473684210526316,
        0.5473684210526316,
        0.5473684210526316,
        0.5473684210526316,
        0.5473684210526316,
        0.5473684210526316,
        0.5473684210526316,
        0.5473684210526316,
        0.5473684210526316,
        0.5473684210526316,
        0.5473684210526316,
        0.5473684210526316,
        0.5473684210526316,
        0.5473684210526316,
        0.5473684210526316,
        0.5473684210526316,
        0.5473684210526316,
        0.5473684210526316,
        0.5473684210526316
    ],
    "val_acc": [
        0.5454545454545454,
        0.5454545454545454,
        0.5454545454545454,
        0.5454545454545454,
        0.45454545454545453,
        0.5454545454545454,
        0.5454545454545454,
        0.5454545454545454,
        0.5454545454545454,
        0.5454545454545454,
        0.5454545454545454,
        0.5454545454545454,
        0.5454545454545454,
        0.5454545454545454,
        0.5454545454545454,
        0.5454545454545454,
        0.5454545454545454,
        0.5454545454545454,
        0.5454545454545454,
        0.5454545454545454,
        0.5454545454545454,
        0.5454545454545454,
        0.5454545454545454,
        0.5454545454545454,
        0.5454545454545454,
        0.5454545454545454,
        0.5454545454545454,
        0.5454545454545454,
        0.5454545454545454,
        0.5454545454545454,
        0.5454545454545454,
        0.5454545454545454,
        0.5454545454545454,
        0.5454545454545454,
        0.5454545454545454,
        0.5454545454545454,
        0.5454545454545454,
        0.5454545454545454,
        0.5454545454545454,
        0.5454545454545454
    ]
}