{
    "train_loss": [
        1.0331334759059705,
        0.7582182047241612,
        0.712860221611826,
        0.6909472272270604,
        0.6573875890280071,
        0.6457731373686539,
        0.5995546541715923,
        0.5817950972757842,
        0.6008191593697196,
        0.5621806600219325,
        0.558521526738217,
        0.5763431512682061,
        0.5001000595720191,
        0.4611797957043899,
        0.524788413173274,
        0.4918499732017517,
        0.45662104481144955,
        0.4119512314545481,
        0.33103151241415424,
        0.37983228965809473,
        0.17283902939605086,
        0.11829288655205777,
        0.12617966923666626,
        0.11750569678450885,
        0.1014525542878791,
        0.1160488645340267,
        0.08628793828189373,
        0.08859386489579552,
        0.08505253195370499,
        0.06161009233150827,
        0.05034894197198905,
        0.06985913833015059,
        0.05648269867034335,
        0.04436992034512131,
        0.05323988704304946,
        0.04953132209220999,
        0.0577816623522851,
        0.06995932763344363,
        0.048302502300786344,
        0.05068837700607745
    ],
    "val_loss": [
        0.7894238612868569,
        0.7439971132711931,
        0.705707772211595,
        0.7068412358110602,
        0.7579667026346381,
        0.8715413429520347,
        1.1149239160797813,
        0.8189828016541221,
        0.7974200898950751,
        5.599479371851141,
        0.65102264826948,
        0.6702502938834104,
        0.5907413932410154,
        0.6889159841970964,
        0.6299278952858665,
        0.5568488944660533,
        0.5940168147737329,
        0.5874784642999823,
        1.0037292580712924,
        0.42621027068658307,
        0.6426729316061194,
        0.7069950726899233,
        0.8779467127539895,
        0.8095441948283802,
        1.093791427937421,
        0.8970469507304105,
        0.8176131654869426,
        0.9644642065871846,
        0.6556831896305084,
        0.9866475733843717,
        0.8181712085550482,
        0.918238100680438,
        0.9644301425326954,
        0.8566772829402577,
        1.1259618130597202,
        0.8851956129074097,
        1.061472562226382,
        0.9787269749424674,
        1.144975949417461,
        1.1351302862167358
    ],
    "train_acc": [
        0.5210526315789473,
        0.5063157894736842,
        0.5273684210526316,
        0.5652631578947368,
        0.6010526315789474,
        0.6010526315789474,
        0.6621052631578948,
        0.6894736842105263,
        0.6842105263157895,
        0.72,
        0.7231578947368421,
        0.7042105263157895,
        0.7631578947368421,
        0.7821052631578947,
        0.74,
        0.7431578947368421,
        0.7778947368421053,
        0.8136842105263158,
        0.8757894736842106,
        0.8515789473684211,
        0.9484210526315789,
        0.9536842105263158,
        0.9557894736842105,
        0.9578947368421052,
        0.9631578947368421,
        0.9494736842105264,
        0.9642105263157895,
        0.9663157894736842,
        0.9673684210526315,
        0.98,
        0.9842105263157894,
        0.9715789473684211,
        0.9821052631578947,
        0.988421052631579,
        0.98,
        0.9831578947368421,
        0.9831578947368421,
        0.9757894736842105,
        0.9852631578947368,
        0.9852631578947368
    ],
    "val_acc": [
        0.5454545454545454,
        0.45454545454545453,
        0.45454545454545453,
        0.6363636363636364,
        0.45454545454545453,
        0.45454545454545453,
        0.5454545454545454,
        0.6363636363636364,
        0.6363636363636364,
        0.6363636363636364,
        0.6363636363636364,
        0.5454545454545454,
        0.7272727272727273,
        0.5454545454545454,
        0.6363636363636364,
        0.6363636363636364,
        0.6363636363636364,
        0.7272727272727273,
        0.5454545454545454,
        0.7272727272727273,
        0.7272727272727273,
        0.6363636363636364,
        0.6363636363636364,
        0.7272727272727273,
        0.6363636363636364,
        0.7272727272727273,
        0.7272727272727273,
        0.6363636363636364,
        0.7272727272727273,
        0.7272727272727273,
        0.7272727272727273,
        0.6363636363636364,
        0.6363636363636364,
        0.6363636363636364,
        0.6363636363636364,
        0.6363636363636364,
        0.6363636363636364,
        0.6363636363636364,
        0.6363636363636364,
        0.6363636363636364
    ]
}