{
    "accuracy": {
        "mean": 0.54,
        "std": 0.1370072080464723
    },
    "precision": {
        "mean": 0.56228668261563,
        "std": 0.19377020075172374
    },
    "recall": {
        "mean": 0.5263888888888889,
        "std": 0.13069584660955244
    },
    "f1": {
        "mean": 0.502041470235963,
        "std": 0.1349995108650195
    },
    "auc_roc": {
        "mean": 0.5543981481481481,
        "std": 0.15968447621620718
    }
}