{
    "aggregate": {
        "mean_accuracy": 0.5771428571428572,
        "std_accuracy": 0.011428571428571432,
        "mean_f1": 0.42246753246753244,
        "std_f1": 0.013766233766233782,
        "mean_precision": 0.33322448979591834,
        "std_precision": 0.013387755102040821,
        "mean_recall": 0.5771428571428572,
        "std_recall": 0.011428571428571432,
        "mean_auc": 0.44629629629629636,
        "std_auc": 0.08122856370170854
    },
    "folds": [
        {
            "fold": 1,
            "best_params": {
                "lr": 0.01,
                "batch_size": 8,
                "weight_decay": 0.0005,
                "epochs": 40,
                "optimizer": "sgd",
                "momentum": 0.9,
                "scheduler_gamma": 0.1,
                "scheduler_patience": 5,
                "patience": null,
                "model_type": "vgg16"
            },
            "metrics": {
                "accuracy": 0.5714285714285714,
                "precision": 0.32653061224489793,
                "recall": 0.5714285714285714,
                "f1": 0.41558441558441556,
                "auc": 0.41666666666666674
            }
        },
        {
            "fold": 2,
            "best_params": {
                "lr": 0.01,
                "batch_size": 8,
                "weight_decay": 0.0005,
                "epochs": 40,
                "optimizer": "sgd",
                "momentum": 0.9,
                "scheduler_gamma": 0.1,
                "scheduler_patience": 5,
                "patience": null,
                "model_type": "vgg16"
            },
            "metrics": {
                "accuracy": 0.5714285714285714,
                "precision": 0.32653061224489793,
                "recall": 0.5714285714285714,
                "f1": 0.41558441558441556,
                "auc": 0.5555555555555556
            }
        },
        {
            "fold": 3,
            "best_params": {
                "lr": 0.01,
                "batch_size": 8,
                "weight_decay": 0.0005,
                "epochs": 40,
                "optimizer": "sgd",
                "momentum": 0.9,
                "scheduler_gamma": 0.1,
                "scheduler_patience": 5,
                "patience": null,
                "model_type": "vgg16"
            },
            "metrics": {
                "accuracy": 0.5714285714285714,
                "precision": 0.32653061224489793,
                "recall": 0.5714285714285714,
                "f1": 0.41558441558441556,
                "auc": 0.3148148148148148
            }
        },
        {
            "fold": 4,
            "best_params": {
                "lr": 0.01,
                "batch_size": 8,
                "weight_decay": 0.0005,
                "epochs": 40,
                "optimizer": "sgd",
                "momentum": 0.9,
                "scheduler_gamma": 0.1,
                "scheduler_patience": 5,
                "patience": null,
                "model_type": "vgg16"
            },
            "metrics": {
                "accuracy": 0.5714285714285714,
                "precision": 0.32653061224489793,
                "recall": 0.5714285714285714,
                "f1": 0.41558441558441556,
                "auc": 0.4444444444444445
            }
        },
        {
            "fold": 5,
            "best_params": {
                "lr": 0.01,
                "batch_size": 8,
                "weight_decay": 0.0005,
                "epochs": 40,
                "optimizer": "sgd",
                "momentum": 0.9,
                "scheduler_gamma": 0.1,
                "scheduler_patience": 5,
                "patience": null,
                "model_type": "vgg16"
            },
            "metrics": {
                "accuracy": 0.6,
                "precision": 0.36,
                "recall": 0.6,
                "f1": 0.45,
                "auc": 0.5
            }
        }
    ]
}