{
    "fold": 3,
    "best_params": {
        "lr": 0.01,
        "batch_size": 8,
        "weight_decay": 0.0001,
        "epochs": 40,
        "optimizer": "sgd",
        "patience": null,
        "model_type": "resnet"
    },
    "metrics": {
        "accuracy": 0.6923076923076923,
        "precision": 0.7005494505494506,
        "recall": 0.6923076923076923,
        "f1": 0.6923076923076923,
        "auc": 0.0
    }
}