{
    "accuracy": {
        "mean": 0.6524216524216524,
        "std": 0.11006520667852912
    },
    "precision": {
        "mean": 0.6564865689865689,
        "std": 0.11576244256192428
    },
    "recall": {
        "mean": 0.6449999999999999,
        "std": 0.11138239275112555
    },
    "f1": {
        "mean": 0.6421366133866133,
        "std": 0.11164526409305811
    },
    "auc_roc": {
        "mean": 0.7003968253968254,
        "std": 0.1818536539328469
    }
}