groups,model,n_perms,true_score,p_value,perm_scores_mean,perm_scores_std
ADvsPSP,GradientBoosting,100,0.7054131054131053,0.009900990099009901,0.5124786324786325,0.05085488440357277
