{
    "accuracy": {
        "mean": 0.6252380952380953,
        "std": 0.036405999854376
    },
    "precision": {
        "mean": 0.6218395819866408,
        "std": 0.05106743243893232
    },
    "recall": {
        "mean": 0.5930555555555556,
        "std": 0.025797466140287093
    },
    "f1": {
        "mean": 0.5868191423931789,
        "std": 0.022715395911630083
    },
    "auc_roc": {
        "mean": 0.5916666666666667,
        "std": 0.09162690869938382
    }
}