groups,model,n_perms,true_score,p_value,perm_scores_mean,perm_scores_std
CBSvsPSP,KNN,100,0.6152380952380953,0.07920792079207921,0.5194095238095238,0.05776840618222444
