{
    "accuracy": {
        "mean": 0.6171428571428571,
        "std": 0.15139562384902322
    },
    "precision": {
        "mean": 0.6585180900970375,
        "std": 0.20388740602113736
    },
    "recall": {
        "mean": 0.5777777777777777,
        "std": 0.13978875155651257
    },
    "f1": {
        "mean": 0.5635907912454401,
        "std": 0.14469404351705642
    },
    "auc_roc": {
        "mean": 0.6150462962962964,
        "std": 0.11252357434755886
    }
}