groups,model,n_perms,true_score,p_value,perm_scores_mean,perm_scores_std
PSPvsCBS,KNN,100,0.6447619047619048,0.019801980198019802,0.5200857142857143,0.06074579499831511
