{
    "accuracy": {
        "mean": 0.5608695652173912,
        "std": 0.05833220810869017
    },
    "precision": {
        "mean": 0.5248412698412699,
        "std": 0.0763193354759992
    },
    "recall": {
        "mean": 0.5075,
        "std": 0.04093374668334065
    },
    "f1": {
        "mean": 0.49514319520911815,
        "std": 0.031339515013718254
    },
    "auc_roc": {
        "mean": 0.5571428571428572,
        "std": 0.1118752071745465
    }
}