groups,model,n_perms,true_score,p_value,perm_scores_mean,perm_scores_std
ADvsCBS,GradientBoosting,100,0.6039855072463769,0.26732673267326734,0.5853550724637681,0.03837256492222477
