{
    "fold": 1,
    "best_params": {
        "lr": 0.01,
        "batch_size": 8,
        "weight_decay": 0.0005,
        "epochs": 40,
        "optimizer": "sgd",
        "patience": null,
        "model_type": "vgg16"
    },
    "metrics": {
        "accuracy": 0.5555555555555556,
        "precision": 0.308641975308642,
        "recall": 0.5555555555555556,
        "f1": 0.39682539682539686,
        "auc": 0.0
    }
}