dataset,groups,model,n_perms,true_score,p_value,perm_scores_mean,perm_scores_std
voxel,PSPvsCBS,RandomForest,1000,0.49190476190476184,0.6113886113886113,0.5098580952380952,0.053209382315902796
voxel,PSPvsCBS,GradientBoosting,1000,0.49190476190476184,0.6243756243756243,0.5117204761904762,0.052780015009032934
voxel,PSPvsCBS,KNN,1000,0.48238095238095235,0.6843156843156843,0.5113533333333333,0.05266240626012617
