{
    "aggregate": {
        "mean_accuracy": 0.5452991452991452,
        "std_accuracy": 0.00837432390695106,
        "mean_f1": 0.38488400488400487,
        "std_f1": 0.009750105691664467,
        "mean_precision": 0.29742128716487687,
        "std_precision": 0.009161653505040477,
        "mean_recall": 0.5452991452991452,
        "std_recall": 0.00837432390695106,
        "mean_auc": 0.0,
        "std_auc": 0.0
    },
    "folds": [
        {
            "fold": 1,
            "best_params": {
                "lr": 0.01,
                "batch_size": 8,
                "weight_decay": 0.0005,
                "epochs": 40,
                "optimizer": "sgd",
                "patience": null,
                "model_type": "vgg16"
            },
            "metrics": {
                "accuracy": 0.5555555555555556,
                "precision": 0.308641975308642,
                "recall": 0.5555555555555556,
                "f1": 0.39682539682539686,
                "auc": 0.0
            }
        },
        {
            "fold": 2,
            "best_params": {
                "lr": 0.01,
                "batch_size": 8,
                "weight_decay": 0.0005,
                "epochs": 40,
                "optimizer": "sgd",
                "patience": null,
                "model_type": "vgg16"
            },
            "metrics": {
                "accuracy": 0.5555555555555556,
                "precision": 0.308641975308642,
                "recall": 0.5555555555555556,
                "f1": 0.39682539682539686,
                "auc": 0.0
            }
        },
        {
            "fold": 3,
            "best_params": {
                "lr": 0.01,
                "batch_size": 8,
                "weight_decay": 0.0005,
                "epochs": 40,
                "optimizer": "sgd",
                "patience": null,
                "model_type": "vgg16"
            },
            "metrics": {
                "accuracy": 0.5384615384615384,
                "precision": 0.28994082840236685,
                "recall": 0.5384615384615384,
                "f1": 0.37692307692307686,
                "auc": 0.0
            }
        },
        {
            "fold": 4,
            "best_params": {
                "lr": 0.01,
                "batch_size": 8,
                "weight_decay": 0.0005,
                "epochs": 40,
                "optimizer": "sgd",
                "patience": null,
                "model_type": "vgg16"
            },
            "metrics": {
                "accuracy": 0.5384615384615384,
                "precision": 0.28994082840236685,
                "recall": 0.5384615384615384,
                "f1": 0.37692307692307686,
                "auc": 0.0
            }
        },
        {
            "fold": 5,
            "best_params": {
                "lr": 0.01,
                "batch_size": 8,
                "weight_decay": 0.0005,
                "epochs": 40,
                "optimizer": "sgd",
                "patience": null,
                "model_type": "vgg16"
            },
            "metrics": {
                "accuracy": 0.5384615384615384,
                "precision": 0.28994082840236685,
                "recall": 0.5384615384615384,
                "f1": 0.37692307692307686,
                "auc": 0.0
            }
        }
    ]
}