{
    "accuracy": {
        "mean": 0.6554347826086955,
        "std": 0.1004773578120576
    },
    "precision": {
        "mean": 0.6334704184704185,
        "std": 0.10233274056094037
    },
    "recall": {
        "mean": 0.6305555555555555,
        "std": 0.11121522899537555
    },
    "f1": {
        "mean": 0.6239085165454334,
        "std": 0.11337472285697166
    },
    "auc_roc": {
        "mean": 0.6128306878306878,
        "std": 0.08414746764040888
    }
}