{
    "accuracy": {
        "mean": 0.5159420289855072,
        "std": 0.08969129534356986
    },
    "precision": {
        "mean": 0.5199360580939528,
        "std": 0.09540144249232428
    },
    "recall": {
        "mean": 0.5135317460317461,
        "std": 0.06843144377295125
    },
    "f1": {
        "mean": 0.4776362341835488,
        "std": 0.07177888641242927
    },
    "auc_roc": {
        "mean": 0.5530291005291005,
        "std": 0.08846863543370817
    }
}