{
    "accuracy": {
        "mean": 0.6467391304347826,
        "std": 0.0330584920124903
    },
    "precision": {
        "mean": 0.6158551497522085,
        "std": 0.045756006155580294
    },
    "recall": {
        "mean": 0.6052380952380954,
        "std": 0.0576165332434904
    },
    "f1": {
        "mean": 0.5999213224680118,
        "std": 0.062454888036612546
    },
    "auc_roc": {
        "mean": 0.625978835978836,
        "std": 0.1091248837380038
    }
}