{
    "accuracy": {
        "mean": 0.576086956521739,
        "std": 0.16376651275347134
    },
    "precision": {
        "mean": 0.6029793233082706,
        "std": 0.182868005600743
    },
    "recall": {
        "mean": 0.5563095238095238,
        "std": 0.1283652263282775
    },
    "f1": {
        "mean": 0.5305527805527805,
        "std": 0.14316715948246692
    },
    "auc_roc": {
        "mean": 0.5425529100529101,
        "std": 0.14194249315403681
    }
}