{
    "accuracy": {
        "mean": 0.6746438746438747,
        "std": 0.12920078715799338
    },
    "precision": {
        "mean": 0.6785726854844502,
        "std": 0.1308973617836417
    },
    "recall": {
        "mean": 0.6695238095238095,
        "std": 0.12782133488112868
    },
    "f1": {
        "mean": 0.6682966310663753,
        "std": 0.128106275101981
    },
    "auc_roc": {
        "mean": 0.6992857142857142,
        "std": 0.15431569781813026
    }
}