groups,model,n_perms,true_score,p_value,perm_scores_mean,perm_scores_std
ADvsPSP,RandomForest,100,0.6823361823361823,0.009900990099009901,0.5133475783475783,0.052241924885643116
