{
    "accuracy": {
        "mean": 0.6518518518518517,
        "std": 0.06559361169439054
    },
    "precision": {
        "mean": 0.6543560606060607,
        "std": 0.06588595684210011
    },
    "recall": {
        "mean": 0.6514285714285715,
        "std": 0.06380663639522588
    },
    "f1": {
        "mean": 0.64849171373909,
        "std": 0.06506464376241278
    },
    "auc_roc": {
        "mean": 0.6851984126984126,
        "std": 0.037116594211829466
    }
}