{
    "accuracy": {
        "mean": 0.6752136752136753,
        "std": 0.07294921725965452
    },
    "precision": {
        "mean": 0.6803409090909092,
        "std": 0.07070920699334127
    },
    "recall": {
        "mean": 0.6757142857142857,
        "std": 0.06631817931027267
    },
    "f1": {
        "mean": 0.6723323358855593,
        "std": 0.0708904333763787
    },
    "auc_roc": {
        "mean": 0.6967857142857143,
        "std": 0.09359259692972725
    }
}